{
  "dctx_email": {
    "quota": 474.06,
    "used": 1150.94,
    "timestamp": 1764031379.9152539
  },
  "ljq_email": {
    "quota": 1315.26,
    "used": 209.51,
    "timestamp": 1764031405.4900742
  },
  "zc_email": {
    "quota": 1270.42,
    "used": 254.58,
    "timestamp": 1764031427.470106
  },
  "zj_email": {
    "quota": 475.0,
    "used": 0.0,
    "timestamp": 1764031451.4331522
  },
  "fks_email": {
    "quota": 475.0,
    "used": 0.0,
    "timestamp": 1764031475.005743
  },
  "dxh_email": {
    "quota": 475.0,
    "used": 0.0,
    "timestamp": 1764031498.2700455
  },
  "zhb_email": {
    "quota": 475.0,
    "used": 0.0,
    "timestamp": 1764031521.2569885
  },
  "linuxdo_84404_cookies": {
    "quota": 100.09,
    "used": 1149.91,
    "timestamp": 1764031529.6351826
  },
  "linux_chuang_cookies": {
    "quota": 950.0,
    "used": 0.0,
    "timestamp": 1764031539.4895086
  },
  "linux_bwj_cookies": {
    "quota": 975.0,
    "used": 0.0,
    "timestamp": 1764031549.6943674
  },
  "linux_devbai_cookies": {
    "quota": 925.0,
    "used": 0.0,
    "timestamp": 1764031559.0508926
  },
  "linux_Yeahnet_cookies": {
    "quota": 925.0,
    "used": 0.0,
    "timestamp": 1764031568.4218538
  },
  "AnyRouter-github_cookies": {
    "quota": 1907.57,
    "used": 17.43,
    "timestamp": 1766601615.7787125
  },
  "AnyRouter-linuxdo_cookies": {
    "quota": 1546.64,
    "used": 723.36,
    "timestamp": 1766601608.3679051
  },
  "anyrouter-linuxdo_cookies": {
    "quota": 2160.38,
    "used": 834.62,
    "timestamp": 1769064523.674725
  },
  "anyrouter-github_cookies": {
    "quota": 2682.57,
    "used": 17.43,
    "timestamp": 1769237006.1372385
  },
  "github_cookies": {
    "quota": 2907.57,
    "used": 17.43,
    "timestamp": 1770231700.000343
  },
  "linuxdo_cookies": {
    "quota": 2245.85,
    "used": 974.15,
    "timestamp": 1770231708.5587206
  }
}